id,password,last_login,is_superuser,email,user_name,first_name,about,country,phone_number,postcode,address_line_1,address_line_2,town_city,is_active,is_stuff,created,updated
1,Yl7iZVbvR,09.02.2022,1,dmackrill0@etsy.com,Marcus,Dory,Kwilith,Russia,3276784408,425090,4477 Monterey Drive,29120 Pleasure Crossing,Krasnogorskiy,0,0,01.05.2022,23.12.2022
2,o7NdN7,30.03.2022,0,asuttill1@mozilla.com,Edgardo,Abbe,Thoughtblab,Israel,7380061135,,70 Warbler Junction,55624 Dakota Lane,H̱olon,0,0,01.05.2022,17.12.2022
3,v6UZEbZ,10.08.2021,0,cgumb2@homestead.com,Gnni,Cornela,Eamia,Brazil,4327160571,55560-000,63 Briar Crest Point,34 Becker Center,Barreiros,0,1,01.05.2022,18.11.2022
4,PcWs0icXiBG,12.07.2021,1,yodennehy3@nih.gov,Gaven,Yasmeen,Buzzster,Philippines,6187616138,9012,6 Cottonwood Hill,7 American Ash Pass,Talisayan,1,1,01.05.2022,22.12.2022
5,sWfymg1eSd8m,08.08.2021,1,mdomney4@comsenz.com,Torrin,Matelda,Meevee,Portugal,7957672507,4635-133,1 Ridgeview Crossing,3 Union Center,Ladário,0,0,01.05.2022,03.02.2023
6,lrt4p6Q,13.02.2022,0,bhalbard5@4shared.com,Frannie,Billie,Edgeify,Ukraine,2589533292,,5412 Kenwood Hill,78 Briar Crest Plaza,Velykyi Bereznyi,0,0,01.05.2022,06.12.2022
7,an9p1ydT6,12.03.2022,0,mwroath6@meetup.com,Leicester,Milissent,Dablist,Finland,6680282802,91601,4479 Algoma Plaza,4 Buell Drive,Utajärvi,0,1,01.05.2022,25.01.2023
8,EyKPht,15.10.2021,1,bhollerin7@elpais.com,Benedikta,Beverly,Dynabox,Mongolia,8140977020,,3657 Northridge Plaza,093 Nelson Junction,Horgo,1,0,01.05.2022,26.07.2022
9,JYYAtrk,20.11.2021,1,nsollime8@nature.com,Reginald,Netty,Mycat,Russia,7594198131,140074,66610 Spohn Hill,7 Pearson Terrace,Lyubertsy,0,1,01.05.2022,05.03.2023
10,OhAvYvC6s,05.07.2021,0,pcassy9@bluehost.com,Meggi,Pet,Aimbu,China,5928854870,,02 Northport Court,3 Sunfield Place,Pingshui,1,0,01.05.2022,20.08.2022
